source_url,source_url_normalized,bias
http://deepstatenation.com,deepstatenation.com,left
https://democracyguardian.com,democracyguardian.com,left
http://www.curvemag.com,curvemag.com,left
https://www.greenleft.org.au,greenleft.org.au,left
https://www.foreignpolicyjournal.com,foreignpolicyjournal.com,left
https://iowastartingline.com,iowastartingline.com,left
https://extranewsfeed.com,extranewsfeed.com,left
http://foreignpolicynews.org,foreignpolicynews.org,left
http://www.ips-dc.org,ips-dc.org,left
https://www.progressiveliberal.net,progressiveliberal.net,left
http://libcom.org,libcom.org,left
http://www.readingthepictures.org,readingthepictures.org,left
http://readersupportednews.org,readersupportednews.org,left
http://www.peacock-panache.com,peacock-panache.com,left
https://rantt.com,rantt.com,left
https://splinternews.com,splinternews.com,left
http://progressivearmy.com,progressivearmy.com,left
http://republicanssucks.org,republicanssucks.org,left
https://www.thelondoneconomic.com,thelondoneconomic.com,left
http://washingtonpress.com,washingtonpress.com,left
http://www.alreporter.com,alreporter.com,center
https://www.courthousenews.com,courthousenews.com,center
http://www.allgov.com,allgov.com,center
http://www.americanheritage.com,americanheritage.com,center
https://www.consumerreports.org,consumerreports.org,center
https://www.fairobserver.com,fairobserver.com,center
https://niskanencenter.org,niskanencenter.org,center
http://www.nzherald.co.nz,nzherald.co.nz,center
https://stocknewsusa.com,stocknewsusa.com,center
https://www.thebalance.com,thebalance.com,center
https://www.defconwarningsystem.com,defconwarningsystem.com,center
http://spectrumreport.com,spectrumreport.com,center
https://www.wikitribune.com,wikitribune.com,center
http://www.mcall.com,mcall.com,center
http://www.scotsman.com,scotsman.com,center
https://www.thewrap.com,thewrap.com,center
http://verafiles.org,verafiles.org,center
https://americanmilitarynews.com,americanmilitarynews.com,right
http://citizensunited.org/index.aspx,citizensunited.org-index.aspx,right
https://americanconsequences.com,americanconsequences.com,right
http://www.aina.org,aina.org,right
http://brexitcentral.com,brexitcentral.com,right
https://amgreatness.com,amgreatness.com,right-center
https://conservativetoday.com,conservativetoday.com,right
https://acculturated.com,acculturated.com,right
http://www.beliefnet.com,beliefnet.com,right
https://www.alec.org,alec.org,right
http://biggovernment.news/index.html,biggovernment.news,right
http://www.dailymail.co.uk/ushome/index.html,dailymail.co.uk,right
https://www.ff.org,ff.org,right
http://www.faithwire.com,faithwire.com,right
http://ipatriot.com,ipatriot.com,right
https://www.libertynation.com,libertynation.com,right
https://renewedright.com,renewedright.com,right
https://sentinelksmo.org,sentinelksmo.org,right
https://ntknetwork.com,ntknetwork.com,right
http://newbostonpost.com,newbostonpost.com,right
http://politifeed.net,politifeed.net,right
https://quadrant.org.au,quadrant.org.au,right
https://ricochet.com,ricochet.com,right
https://www.unwatch.org,unwatch.org,right
http://carepublican.com,carepublican.com,right
https://thecitizenpress.com,thecitizenpress.com,right
https://bluntforcetruth.com,bluntforcetruth.com,extreme-right
http://www.conservapedia.com/Main_Page,conservapedia.com-Main_Page,extreme-right
http://conservativebyte.com,conservativebyte.com,extreme-right
http://bannedinformation.com,bannedinformation.com,extreme-right
http://researchantisemitism.ca,researchantisemitism.ca,extreme-right
https://hardnews.network,hardnews.network,extreme-right
http://www.hoggwatch.com,hoggwatch.com,extreme-right
http://www.magapill.com,magapill.com,right
http://www.frc.org,frc.org,extreme-right
http://ihypocrite.net,ihypocrite.net,extreme-right
http://joeforamerica.com,joeforamerica.com,extreme-right
https://infogalactic.com,infogalactic.com,extreme-right
http://www.ruthinstitute.org,ruthinstitute.org,extreme-right
https://www.oathkeepers.org,oathkeepers.org,extreme-right
http://www.renewamerica.com,renewamerica.com,extreme-right
https://politicalmayhem.news,politicalmayhem.news,extreme-right
https://studionewsnetwork.com,studionewsnetwork.com,right
https://southafricatoday.net,southafricatoday.net,right
http://oppositionreport.com,oppositionreport.com,extreme-left
http://www.thelibertyeagle.com,thelibertyeagle.com,extreme-right
http://themillenniumreport.com,themillenniumreport.com,extreme-right
http://rinf.com,rinf.com,extreme-right
https://remnantnewspaper.com,remnantnewspaper.com,extreme-right
https://triggerreset.net,triggerreset.net,extreme-right
https://insideclimatenews.org/,insideclimatenews.org,left-center
http://now8news.com/,now8news.com,center
http://constitution.com/,constitution.com,extreme-right
http://loser.com,loser.com,extreme-left
http://www.empiresports.co/,empiresports.co,center
http://www.emirates247.com/,emirates247.com,left-center
https://www.thebeaverton.com/,thebeaverton.com,center
http://nationalreport.net/,nationalreport.net,center
http://www.itv.com/news/,itv.com-news,right-center
http://www.forwardprogressives.com/,forwardprogressives.com,left
https://www.theatlantic.com/,theatlantic.com,left-center
http://liberaldarkness.com/,liberaldarkness.com,center
http://www.tampabay.com/,tampabay.com,left-center
http://france24-tv.com/,france24-tv.com,extreme-right
https://www.conservativeoutfitters.com/blogs/news,conservativeoutfitters.com-blogs-news,right
http://www.republicworld.com/,republicworld.com,left-center
http://www.timesheadline.com,timesheadline.com,left-center
http://www.amazingnews.net/,amazingnews.net,extreme-right
https://www.thestar.com/,thestar.com,left-center
https://aceflashman.wordpress.com/,aceflashman.wordpress.com,center
http://www.orlandosentinel.com/,orlandosentinel.com,right-center
https://newsandstoriesfromusa.com/,newsandstoriesfromusa.com,extreme-right
http://offendedamerica.com/,offendedamerica.com,right
http://www.calgarysun.com/,calgarysun.com,right-center
http://blackpigeonspeaks.com/,blackpigeonspeaks.com,extreme-right
https://www.newscientist.com/,newscientist.com,center
http://www.burrardstreetjournal.com/,burrardstreetjournal.com,center
http://www.who.int/en/,who.int-en,center
https://www.propublica.org/,propublica.org,left-center
http://news.groopspeak.com/,news.groopspeak.com,left
http://www.fairvote.org/,fairvote.org,left-center
http://oilprice.com/,oilprice.com,right-center
http://www.the-american-interest.com/,the-american-interest.com,right-center
https://gawken.com/,gawken.com,center
http://www.azcentral.com/,azcentral.com,right-center
http://www.leftsideofhistory.com/,leftsideofhistory.com,left
http://reagancoalition.com/,reagancoalition.com,extreme-right
http://monthlyreview.org/,monthlyreview.org,left-center
http://www.atlbanana.com/,atlbanana.com,center
http://www.bluestemprairie.com/,bluestemprairie.com,left-center
https://brokenworldnews.com/,brokenworldnews.com,center
https://lynx.media/,lynx.media,right-center
http://resistancereport.com/,resistancereport.com,extreme-left
http://democraticreview.com/,democraticreview.com,extreme-left
http://www.medicaldaily.com/,medicaldaily.com,center
http://americannewsx.com/,americannewsx.com,left
http://www.ibtimes.com/,ibtimes.com,left-center
http://www.chicksontheright.com/,chicksontheright.com,right
https://www.quantamagazine.org/,quantamagazine.org,center
https://www.buzzfeed.com/,buzzfeed.com,left-center
http://newsuptoday.com/,newsuptoday.com,extreme-right
https://sciencetrends.com,sciencetrends.com,center
https://viralcords.com/,viralcords.com,center
http://www.climatecentral.org/,climatecentral.org,center
http://siouxcityjournal.com/,siouxcityjournal.com,center
https://www.themaven.net/beingliberal,themaven.net-beingliberal,left
https://www.cpj.org/,cpj.org,center
http://www.epi.org/,epi.org,left-center
http://www.atlanticmedia.com/,atlanticmedia.com,left-center
http://bigamericannews.com/,bigamericannews.com,center
http://www.psypost.org/,psypost.org,center
http://www.politicalgarbagechute.com/,politicalgarbagechute.com,center
http://www.pnas.org/,pnas.org,center
https://www.truthexaminer.com/,truthexaminer.com,extreme-left
http://www.aljazeera.com/,aljazeera.com,left-center
https://milo.yiannopoulos.net/,milo.yiannopoulos.net,extreme-right
http://magicvalley.com/,magicvalley.com,center
http://www.skeptic.com/,skeptic.com,center
http://abriluno.com/,abriluno.com,center
http://www.detroitnews.com/,detroitnews.com,right-center
http://thechronicleherald.ca/,thechronicleherald.ca,right-center
http://stocksnewsdaily.com/,stocksnewsdaily.com,left-center
http://retractionwatch.com/,retractionwatch.com,center
https://uawire.org/,uawire.org,left-center
http://babylonbee.com/,babylonbee.com,center
http://www.polygraph.info/,polygraph.info,center
https://fas.org/,fas.org,center
http://www.al-monitor.com/pulse/home.html,al-monitor.com-pulse-home.html,left-center
http://secondnexus.com/,secondnexus.com,left-center
http://www.nwitimes.com,nwitimes.com,center
http://theproudliberal.org/,theproudliberal.org,extreme-left
http://freedumjunkshun.com/,freedumjunkshun.com,center
https://www.aol.com/,aol.com,left-center
http://www.beaware.one,beaware.one,extreme-right
http://liberalsociety.com/,liberalsociety.com,extreme-left
http://www.taxpayer.com/,taxpayer.com,right-center
http://santamariatimes.com,santamariatimes.com,center
http://www.jamestown.org/,jamestown.org,right-center
http://www.independent.co.uk/us,independent.co.uk,left-center
https://www.scientificamerican.com/,scientificamerican.com,center
https://www.texasmonthly.com,texasmonthly.com,left-center
http://www.hindustantimes.com/,hindustantimes.com,left-center
http://www.peninsuladailynews.com/,peninsuladailynews.com,right-center
http://bb4sp.com/,bb4sp.com,extreme-right
http://www.fresnobee.com/,fresnobee.com,left-center
http://www.helsinkitimes.fi/,helsinkitimes.fi,left-center
http://www.pri.org/programs/globalpost,pri.org-programs-globalpost,left-center
http://www.tribunemagazine.org/,tribunemagazine.org,left
http://bismarcktribune.com,bismarcktribune.com,center
https://www.dailydems.com/,dailydems.com,left
http://www.thenewsliteracyproject.org/,thenewsliteracyproject.org,center
http://truthinmedia.com/,truthinmedia.com,extreme-right
http://metro.co.uk/,metro.co.uk,left-center
http://www.ocregister.com/,ocregister.com,right-center
https://www.taxjustice.net/,taxjustice.net,left-center
https://www.theguardian.com/observer,theguardian.com-observer,left-center
http://www.dailyprogress.com,dailyprogress.com,center
http://www.zeit.de/english/index,zeit.de,left-center
http://www.statesmanjournal.com/,statesmanjournal.com,right-center
https://www.greentechmedia.com/,greentechmedia.com,left-center
https://news.cgtn.com,news.cgtn.com,center
https://www.opendemocracy.net/,opendemocracy.net,left-center
http://breakingdefense.com/,breakingdefense.com,right-center
https://newsbreakshere.com/,newsbreakshere.com,extreme-right
https://egyptianstreets.com/,egyptianstreets.com,left-center
https://70news.wordpress.com/,70news.wordpress.com,extreme-right
http://www.surenews.com/,surenews.com,extreme-right
https://www.nova-magazine.net,nova-magazine.net,left
https://thewest.com.au/,thewest.com.au,right-center
http://usaconservativereport.com,usaconservativereport.com,extreme-right
http://www.postbulletin.com/,postbulletin.com,right-center
http://www.oilandwaterdontmix.org/,oilandwaterdontmix.org,left-center
https://newmoderate.com/,newmoderate.com,left-center
http://www.westmonster.com/,westmonster.com,right-center
http://fair.org/,fair.org,left-center
http://www.timesofisrael.com/,timesofisrael.com,left-center
http://www.rstreet.org/,rstreet.org,right-center
http://www.swedishwire.com/,swedishwire.com,center
http://www.diversityinc.com,diversityinc.com,left-center
http://pilotonline.com/,pilotonline.com,left-center
http://www.stopfake.org/,stopfake.org,left-center
https://www.almasdarnews.com,almasdarnews.com,left-center
http://realnewsrightnow.com/,realnewsrightnow.com,center
http://rightweb.irc-online.org,rightweb.irc-online.org,left-center
http://www.providencejournal.com/,providencejournal.com,left-center
http://jewishbreakingnews.com,jewishbreakingnews.com,right-center
http://www.vermontindependent.org/,vermontindependent.org,left
http://rapidcityjournal.com,rapidcityjournal.com,center
http://www.theonion.com/,theonion.com,center
http://www.demos.org,demos.org,left-center
http://mbganews.com/,mbganews.com,extreme-right
https://www.bloomberg.com/,bloomberg.com,left-center
https://bipartisanpolicy.org,bipartisanpolicy.org,right-center
http://www.kentucky.com/,kentucky.com,left-center
http://www.courier-journal.com/,courier-journal.com,left-center
http://vancouversun.com/,vancouversun.com,left-center
http://www.timescolonist.com/,timescolonist.com,left-center
https://techxplore.com/,techxplore.com,center
http://www.vivaliberty.com/,vivaliberty.com,right
http://newsite.thehindu.com/,newsite.thehindu.com,left-center
http://www.dailynews.com/,dailynews.com,right-center
https://www.hcn.org,hcn.org,left-center
http://nautil.us/,nautil.us,center
http://triblive.com/,triblive.com,right-center
http://www.theoslotimes.com/,theoslotimes.com,left-center
http://www.pennlive.com/,pennlive.com,left-center
http://toprightnews.com,toprightnews.com,extreme-right
http://www.newsobserver.com/,newsobserver.com,left-center
http://humanprogress.org/,humanprogress.org,right-center
http://www.newsbiscuit.com/,newsbiscuit.com,center
http://www.chicagotribune.com/,chicagotribune.com,left-center
http://consmovement.com/,consmovement.com,extreme-right
https://www.inquirer.net/,inquirer.net,left-center
https://thelapine.ca/,thelapine.ca,center
https://www.nextbigfuture.com,nextbigfuture.com,center
https://www.pluralist.com,pluralist.com,left-center
https://newmatilda.com/,newmatilda.com,left-center
http://www.theverge.com/,theverge.com,left-center
http://www.loonwatch.com/,loonwatch.com,extreme-left
https://www.dawn.com/,dawn.com,left-center
https://www.aclu.org/,aclu.org,left-center
http://poststar.com,poststar.com,center
https://www.eff.org/,eff.org,left-center
http://www.realclearpolitics.com/,realclearpolitics.com,right-center
https://thebaffler.com/,thebaffler.com,left-center
http://www.presstv.com/,presstv.com,left-center
http://lethbridgeherald.com/,lethbridgeherald.com,left-center
http://www.valleynewslive.com/,valleynewslive.com,right-center
http://crosscut.com/,crosscut.com,left-center
https://yesimright.com/,yesimright.com,extreme-right
http://vidmax.com/,vidmax.com,extreme-right
https://www.leftscoop.com/,leftscoop.com,left
http://www.sltrib.com/,sltrib.com,left-center
http://www.news-gazette.com/,news-gazette.com,right-center
http://conservativetribune.com/,conservativetribune.com,extreme-right
https://www.oneindia.com/,oneindia.com,left-center
http://newsthump.com/,newsthump.com,center
https://bullshitnews.org/,bullshitnews.org,center
https://ncse.com/,ncse.com,center
https://www.adaa.org/,adaa.org,center
https://calwatchdog.com,calwatchdog.com,left-center
http://www.sfchronicle.com/,sfchronicle.com,left-center
http://billmoyers.com/,billmoyers.com,left-center
https://www.fastcompany.com/,fastcompany.com,left-center
http://www.dailysquib.co.uk/,dailysquib.co.uk,center
http://www.pacificresearch.org/home/,pacificresearch.org-home,right-center
http://thepeoplescube.com,thepeoplescube.com,center
http://patrioticviralnews.com/,patrioticviralnews.com,extreme-right
http://thehardtimes.net/,thehardtimes.net,center
http://trib.com,trib.com,center
http://www.denverpost.com/,denverpost.com,left-center
http://www.telesurtv.net/english/,telesurtv.net-english,left
http://www.metro.us/,metro.us,left-center
http://www.npr.org/sections/news/,npr.org-sections-news,left-center
http://montrealgazette.com/,montrealgazette.com,left-center
https://www.thequint.com/,thequint.com,right-center
http://elpais.com/elpais/inenglish.html,elpais.com-elpais-inenglish.html,left-center
https://tytnetwork.com/,tytnetwork.com,left
https://www.geneticliteracyproject.org/,geneticliteracyproject.org,center
https://nowthisnews.com/,nowthisnews.com,left
http://www.againstcronycapitalism.org/,againstcronycapitalism.org,right
http://gotnews.com/,gotnews.com,extreme-right
http://www.star-telegram.com/,star-telegram.com,right-center
http://www.trumpservativenews.info,trumpservativenews.info,extreme-right
http://viraldevil.com,viraldevil.com,center
http://www.votevets.org/,votevets.org,left-center
http://www.usatoday.com/,usatoday.com,center
https://colombiareports.com,colombiareports.com,left-center
http://heavy.com/,heavy.com,left-center
http://www.globetoday.com/,globetoday.com,left
http://fortnightlyreview.co.uk/,fortnightlyreview.co.uk,right-center
http://www.sfgate.com/,sfgate.com,left-center
http://www.businessinsider.com/,businessinsider.com,left-center
http://www.chroniclesofdemocracy.com/,chroniclesofdemocracy.com,left
http://mtstandard.com,mtstandard.com,center
https://squawker.org/,squawker.org,extreme-right
https://www.americanewshub.com,americanewshub.com,right
https://morningconsult.com/,morningconsult.com,left-center
http://www.carbonated.tv/,carbonated.tv,left
http://pmnightlynews.com/,pmnightlynews.com,extreme-right
http://www.9news.com.au/,9news.com.au,right-center
http://www.inquisitr.com/news/,inquisitr.com-news,left-center
https://www.fwweekly.com/,fwweekly.com,left-center
http://politicalsitenews.com,politicalsitenews.com,extreme-right
https://techcrunch.com,techcrunch.com,left-center
https://stepfeed.com,stepfeed.com,left-center
http://www.thefiscaltimes.com/,thefiscaltimes.com,right-center
http://www.pri.org/,pri.org,left-center
http://www.syriana-analysis.com,syriana-analysis.com,left
http://www.lohud.com/,lohud.com,left-center
http://www.cato.org/regulation/,cato.org-regulation,right-center
http://www.clickhole.com/,clickhole.com,center
http://grist.org/,grist.org,left-center
http://www.breitbartunmasked.com/,breitbartunmasked.com,left
http://www.geologyin.com/,geologyin.com,center
http://act.tv,act.tv,left
http://www.baltimoresun.com/,baltimoresun.com,left-center
http://www.guns.com,guns.com,right-center
http://www.webmd.com/,webmd.com,center
http://medicalxpress.com/,medicalxpress.com,center
http://chicagoreporter.com/,chicagoreporter.com,left-center
http://www.seattlepi.com/,seattlepi.com,left-center
http://thehill.com/,thehill.com,left-center
https://international.thenewslens.com/,international.thenewslens.com,right-center
http://www.oaoa.com,oaoa.com,right-center
https://euobserver.com/,euobserver.com,left-center
http://www.washingtontimes.com/,washingtontimes.com,right-center
http://therightstuff.biz/,therightstuff.biz,extreme-right
https://understandrealitythroughscience.blogspot.com/,understandrealitythroughscience.blogspot.com,center
http://worldnewsdailyreport.com/,worldnewsdailyreport.com,center
http://economyincrisis.org/,economyincrisis.org,left
http://realtimepolitics.com/,realtimepolitics.com,extreme-left
https://www.japantoday.com/,japantoday.com,right-center
https://www.thesaturdaypaper.com.au/,thesaturdaypaper.com.au,left-center
http://www.hillarybeattrump.org/,hillarybeattrump.org,center
http://dailyworldinformation.com,dailyworldinformation.com,extreme-right
https://www.hrw.org/,hrw.org,left-center
https://stubhillnews.com/,stubhillnews.com,center
http://www.exposinggovernment.com,exposinggovernment.com,extreme-right
http://www.sun-sentinel.com/,sun-sentinel.com,right-center
http://tucson.com/,tucson.com,left-center
http://londonwebnews.com/,londonwebnews.com,extreme-left
http://www.thewhim.com/,thewhim.com,center
https://www.policyed.org/,policyed.org,right-center
http://www.wsj.com/,wsj.com,right-center
http://thetruthdivision.com/,thetruthdivision.com,extreme-right
https://newromantimes.com/,newromantimes.com,center
http://gulfnews.com/,gulfnews.com,right-center
https://budapestbeacon.com/,budapestbeacon.com,left-center
http://libertyunyielding.com/,libertyunyielding.com,right
https://www.migrationpolicy.org,migrationpolicy.org,left-center
http://www.governing.com/,governing.com,left-center
https://www.speakgov.com/,speakgov.com,extreme-right
https://www.verywell.com,verywell.com,center
http://newsheist.com/,newsheist.com,right-center
http://www.sungazette.com/,sungazette.com,right-center
http://www.euractiv.com/,euractiv.com,left-center
https://www.universitybusiness.com/,universitybusiness.com,left-center
http://napavalleyregister.com,napavalleyregister.com,center
https://sojo.net/,sojo.net,left-center
http://www.callthecops.net/,callthecops.net,center
http://www.popularmechanics.com/,popularmechanics.com,center
http://www.capoliticalreview.com/,capoliticalreview.com,right-center
https://adobochronicles.com/,adobochronicles.com,center
https://www.timeslive.co.za/,timeslive.co.za,right-center
https://toinformistoinfluence.com/,toinformistoinfluence.com,left-center
https://herald-review.com,herald-review.com,center
http://www.glamour.com/,glamour.com,left-center
https://www.insidehighered.com/,insidehighered.com,left-center
http://www.ozy.com/,ozy.com,left-center
https://dailyworldupdate.us,dailyworldupdate.us,center
https://tdn.com,tdn.com,center
http://www.skyandtelescope.com/,skyandtelescope.com,center
http://frankmag.ca,frankmag.ca,center
https://www.ire.org/,ire.org,center
http://carolinapublicpress.org/,carolinapublicpress.org,left-center
https://www.mnn.com,mnn.com,left-center
http://www.rockcitytimes.com/,rockcitytimes.com,center
http://www.irena.org,irena.org,center
http://qpolitical.com/,qpolitical.com,extreme-right
http://freedomoutpost.com/,freedomoutpost.com,extreme-right
http://theknifemedia.com/,theknifemedia.com,center
http://www.reviewjournal.com/,reviewjournal.com,right-center
http://www.fpri.org/,fpri.org,right-center
http://madworldnews.com/,madworldnews.com,extreme-right
http://politicops.com/,politicops.com,center
http://www.derfmagazine.com/,derfmagazine.com,center
https://teddystick.com/,teddystick.com,extreme-right
https://sandiegofreepress.org/,sandiegofreepress.org,left-center
http://therealnews.com/t2/,therealnews.com-t2,left-center
http://www.citizen-times.com/,citizen-times.com,left-center
http://waterfordwhispersnews.com/,waterfordwhispersnews.com,center
https://thevarsity.ca/,thevarsity.ca,left-center
https://thetab.com/,thetab.com,left-center
http://www.saudigazette.com.sa,saudigazette.com.sa,left-center
http://www.opposingviews.com/,opposingviews.com,left-center
http://www.theaustralian.com.au/,theaustralian.com.au,right-center
http://www.oregonlive.com/#/0,oregonlive.com-#-0,right-center
http://www.nationalnewswatch.com/,nationalnewswatch.com,left-center
http://duhprogressive.com/,duhprogressive.com,center
https://dutchreview.com/,dutchreview.com,left-center
https://www.healthline.com/,healthline.com,center
http://watchdog.org/,watchdog.org,right-center
https://www.alaraby.co.uk/english,alaraby.co.uk,left-center
http://journalstar.com/,journalstar.com,center
http://www.rfa.org/english/,rfa.org-english,left-center
http://www.plymouthpatriotpost.com/,plymouthpatriotpost.com,extreme-right
http://campaignforliberty.org/,campaignforliberty.org,right-center
https://www.yahoo.com/news/?ref=gs,yahoo.com,left-center
http://undergroundjournalist.org/,undergroundjournalist.org,extreme-left
http://viraltitle.com,viraltitle.com,left
http://www.courant.com/,courant.com,left-center
http://nottnews.com/,nottnews.com,center
https://mises.org/,mises.org,right-center
http://www.newsy.com/,newsy.com,left-center
http://circa.com/,circa.com,right-center
http://www.pantagraph.com/,pantagraph.com,center
http://www.liberalmountain.com/,liberalmountain.com,left-center
http://jointcenter.org/,jointcenter.org,left-center
http://www.journalnow.com/,journalnow.com,right-center
http://historynewsnetwork.org/,historynewsnetwork.org,left-center
http://defund.com/,defund.com,extreme-right
http://www.cctv-america.com/,cctv-america.com,left-center
http://www.hoover.org/,hoover.org,right-center
http://www.learnliberty.org/,learnliberty.org,right-center
https://www.ciponline.org/,ciponline.org,left-center
http://www.ifyouonlynews.com/,ifyouonlynews.com,extreme-left
https://www.earthmagazine.org/,earthmagazine.org,center
http://news.trust.org/,news.trust.org,left-center
http://www.eagletribune.com/,eagletribune.com,center
http://russia-insider.com/en,russia-insider.com-en,right-center
http://www.alhayat.com/,alhayat.com,left-center
http://www.roanoke.com/,roanoke.com,left-center
https://www.theodysseyonline.com,theodysseyonline.com,left-center
http://www.twincities.com/,twincities.com,left-center
http://www.politico.com/,politico.com,left-center
http://chronicle.su/,chronicle.su,center
http://www.columbiadailyherald.com/,columbiadailyherald.com,right-center
https://www.thetimesherald.com,thetimesherald.com,right-center
http://ipolitics.ca/,ipolitics.ca,left-center
http://religionnews.com,religionnews.com,left-center
http://politicslive.net/,politicslive.net,extreme-right
http://www.interpretermag.com/,interpretermag.com,left-center
https://baptistnews.com/,baptistnews.com,left-center
http://www.duffelblog.com/,duffelblog.com,center
http://usadosenews.com/,usadosenews.com,extreme-right
http://www.omaha.com/,omaha.com,right-center
http://economictimes.indiatimes.com/,economictimes.indiatimes.com,left-center
https://www.ndtv.com/,ndtv.com,left-center
https://lifehacker.com/,lifehacker.com,left-center
http://taxfoundation.org/,taxfoundation.org,right-center
https://www.insidephilanthropy.com,insidephilanthropy.com,left-center
https://conservative101.com/,conservative101.com,extreme-right
http://www.seattletimes.com/,seattletimes.com,left-center
http://sonsoflibertymedia.com,sonsoflibertymedia.com,extreme-right
http://www.cbsnews.com/,cbsnews.com,left-center
http://chicago.suntimes.com/,chicago.suntimes.com,left-center
http://www.couriermail.com.au/,couriermail.com.au,right-center
http://globalnews.ca/,globalnews.ca,left-center
http://www.theamericanconservative.com/,theamericanconservative.com,right-center
https://www.defendevropa.org,defendevropa.org,extreme-right
http://host.madison.com/wsj/,host.madison.com-wsj,center
http://upr.org,upr.org,left-center
http://sputniknews.com/,sputniknews.com,right-center
http://dandygoat.com/,dandygoat.com,center
http://www.strategic-culture.org/,strategic-culture.org,right-center
http://www.resourcegovernance.org/,resourcegovernance.org,left-center
http://fmobserver.com/,fmobserver.com,center
http://www.betootaadvocate.com,betootaadvocate.com,center
http://discovermagazine.com/,discovermagazine.com,center
http://www.birminghammail.co.uk,birminghammail.co.uk,left-center
http://thefifthcolumnnews.com/,thefifthcolumnnews.com,left-center
https://www.dcreport.org/,dcreport.org,left-center
https://www.jns.org,jns.org,right-center
http://wgntv.com/,wgntv.com,left-center
http://americantruthseekers.com,americantruthseekers.com,extreme-right
http://huzlers.com/,huzlers.com,center
http://harddawn.com/,harddawn.com,center
https://fedsoc.org/,fedsoc.org,right
http://factbox.tv/,factbox.tv,left-center
http://christwire.org/,christwire.org,center
http://www.futureinamerica.com/news,futureinamerica.com-news,right
http://newcenturytimes.com/,newcenturytimes.com,extreme-left
http://chaser.com.au,chaser.com.au,center
http://www.financialpost.com/,financialpost.com,right-center
http://www.newsday.com/,newsday.com,left-center
https://www.psychologytoday.com/,psychologytoday.com,center
http://usainfront.com,usainfront.com,extreme-right
http://vote.us.org/,vote.us.org,left
https://www.indymedia.org/or/index.shtml,indymedia.org-or-index.shtml,left-center
http://www.redstate.com/,redstate.com,right
http://democratherald.com,democratherald.com,center
http://www.deccanherald.com/,deccanherald.com,left-center
https://hillarydaily.com/,hillarydaily.com,right
http://www.freemedia.at/,freemedia.at,center
http://ahtribune.com/,ahtribune.com,left-center
http://www.faithfamilyamerica.com,faithfamilyamerica.com,right-center
http://www.centerforinquiry.net/,centerforinquiry.net,center
http://www.bjreview.com/,bjreview.com,left-center
https://www.tnonline.com,tnonline.com,right-center
http://www.elpasotimes.com/,elpasotimes.com,left-center
https://www.algemeiner.com/,algemeiner.com,right-center
http://calgaryherald.com/,calgaryherald.com,left-center
https://feministfrequency.com/,feministfrequency.com,left-center
http://dailysnark.com/,dailysnark.com,center
https://freedomhouse.org/,freedomhouse.org,right-center
https://theintercept.com/,theintercept.com,left-center
http://www.theunrealtimes.com/,theunrealtimes.com,center
https://youthradio.org/,youthradio.org,left-center
http://bluetribune.com/,bluetribune.com,extreme-left
http://notallowedto.com/,notallowedto.com,center
http://azdailysun.com,azdailysun.com,left-center
http://thedcgazette.com/,thedcgazette.com,extreme-right
http://www.lbc.co.uk,lbc.co.uk,right-center
http://www.smithsonianmag.com/,smithsonianmag.com,center
http://www.unionleader.com/,unionleader.com,right
http://www.cnntimes.online/,cnntimes.online,left
http://www.spiegel.de/international/,spiegel.de,left-center
http://www.sciencedirect.com/,sciencedirect.com,center
http://gazette.com/,gazette.com,right-center
https://www.newsandgutsmedia.com/,newsandgutsmedia.com,left-center
http://observeronline.news/,observeronline.news,center
https://www.stpete4peace.org/,stpete4peace.org,left
http://www.dcstatesman.com/,dcstatesman.com,right
http://www.thedailyliberator.com/,thedailyliberator.com,right
http://www.pacificpundit.com/,pacificpundit.com,extreme-right
https://theredshtick.com/,theredshtick.com,center
http://www.dailytarheel.com/,dailytarheel.com,left-center
http://lexingtoninstitute.org/,lexingtoninstitute.org,right-center
http://www.kmov.com/,kmov.com,left-center
https://www.britannica.com/,britannica.com,center
http://www.srnnews.com/,srnnews.com,right-center
http://www.washingtonblade.com/,washingtonblade.com,left-center
https://schmedium.org,schmedium.org,center
http://www.standard.net/,standard.net,center
http://www.consnation.com/,consnation.com,extreme-right
http://www.ctvnews.ca/,ctvnews.ca,left-center
https://thewire.in/,thewire.in,left-center
http://www.newser.com,newser.com,left-center
http://www.rep-am.com/,rep-am.com,right-center
http://loveknowledge.org/,loveknowledge.org,left
http://www.prospectmagazine.co.uk/,prospectmagazine.co.uk,left-center
http://www.winonadailynews.com,winonadailynews.com,center
http://abovethelaw.com/,abovethelaw.com,left-center
http://us.blastingnews.com/,us.blastingnews.com,left-center
https://www.neweurope.eu/,neweurope.eu,left-center
http://www.eastbaytimes.com/,eastbaytimes.com,left-center
https://www.rt.com/news/,rt.com-news,right-center
https://thewashingtonreporter.com/,thewashingtonreporter.com,extreme-right
http://theoswatch.com,theoswatch.com,left
http://antiwar.com/,antiwar.com,right-center
http://missoulian.com/,missoulian.com,center
http://cumberlink.com,cumberlink.com,center
http://www.mediazone.news/,mediazone.news,extreme-right
https://corporatepresidency.org,corporatepresidency.org,left-center
http://www.richmond.com/,richmond.com,right-center
http://www.mintpressnews.com/,mintpressnews.com,left-center
http://www.theshovel.com.au/,theshovel.com.au,center
http://www.thenewatlantis.com/,thenewatlantis.com,right-center
http://www.miamiherald.com/,miamiherald.com,left-center
https://www.frontiersin.org/,frontiersin.org,center
https://outabouter.com/,outabouter.com,center
http://ifamericaknew.org/,ifamericaknew.org,left-center
http://www.the-daily-news.co.uk/,the-daily-news.co.uk,center
http://www.insidesources.com,insidesources.com,right-center
https://thenewtropic.com,thenewtropic.com,left-center
http://bigthink.com/,bigthink.com,center
http://www.nydailynews.com/,nydailynews.com,left-center
https://scripps.ucsd.edu/news,scripps.ucsd.edu-news,center
http://www.freewoodpost.com/,freewoodpost.com,center
http://www.dispatch.com/,dispatch.com,right-center
https://www.truebluescoop.com,truebluescoop.com,extreme-left
https://www.fightforthefuture.org,fightforthefuture.org,left-center
http://www.legitgov.org/,legitgov.org,left-center
http://forward.com/,forward.com,left-center
http://liberalbias.com/,liberalbias.com,center
http://www.cbpp.org/,cbpp.org,left-center
https://aeon.co/,aeon.co,left-center
http://www.ocweekly.com/,ocweekly.com,left-center
https://rochdaleherald.co.uk/amp/,rochdaleherald.co.uk,center
https://www.hopkinsmedicine.org/,hopkinsmedicine.org,center
http://www.phoenixnewtimes.com/,phoenixnewtimes.com,left-center
http://thewashingtonstandard.com/,thewashingtonstandard.com,extreme-right
http://www.christianitytoday.com/,christianitytoday.com,right-center
http://bizstandardnews.com/,bizstandardnews.com,center
http://empirenews.net/,empirenews.net,center
http://therantidote.com/,therantidote.com,right
http://politicalcritique.org/,politicalcritique.org,left-center
http://globegazette.com,globegazette.com,center
https://www.theautomaticearth.com/,theautomaticearth.com,left-center
http://www.space.com/,space.com,center
http://ilovemyfreedom.org/,ilovemyfreedom.org,extreme-right
http://www.constitutionproject.org/,constitutionproject.org,center
http://reductress.com/,reductress.com,center
http://gomerblog.com/,gomerblog.com,center
http://nypost.com/,nypost.com,right-center
http://www.skepticink.com/,skepticink.com,center
http://www.gallup.com/home.aspx,gallup.com-home.aspx,center
http://www.amny.com/,amny.com,left-center
http://www.koco.com/,koco.com,left-center
http://eveningharold.com/,eveningharold.com,center
http://silenceisconsent.net/,silenceisconsent.net,right
http://thesciencepost.com/,thesciencepost.com,center
http://www.thedailymash.co.uk/,thedailymash.co.uk,center
http://www.usafirstinformation.com/,usafirstinformation.com,extreme-right
https://www.vice.com/,vice.com,left-center
http://www.worldaffairsjournal.org/,worldaffairsjournal.org,left-center
http://dailycurrant.com/,dailycurrant.com,center
https://timeline.com,timeline.com,left-center
https://www.sbsun.com,sbsun.com,right-center
http://www.latintimes.com/,latintimes.com,left-center
https://news.mongabay.com,news.mongabay.com,left-center
http://fusion.kinja.com/,fusion.kinja.com,left-center
https://www.spin.com/death-and-taxes/,spin.com-death-and-taxes,left
https://crooked.com,crooked.com,left
http://deepleftfield.info,deepleftfield.info,left
https://antifascistnews.net,antifascistnews.net,left
http://www.cnn.com,cnn.com,left
http://www.allthatsfab.com,allthatsfab.com,left
http://www.dailykos.com,dailykos.com,left
http://crooksandliars.com,crooksandliars.com,left
https://www.autostraddle.com,autostraddle.com,left
http://www.codepink.org,codepink.org,left
http://www.bluedotdaily.com,bluedotdaily.com,left
http://www.alternet.org,alternet.org,left
http://www.mirror.co.uk,mirror.co.uk,left
https://democracychronicles.org,democracychronicles.org,left
https://www.currentaffairs.org,currentaffairs.org,left
http://bluenationreview.com,bluenationreview.com,left
http://www.commondreams.org,commondreams.org,left
http://aidc.org.za/amandla-media,aidc.org.za,left
http://addictinginfo.com,addictinginfo.com,left
https://www.americanprogress.org,americanprogress.org,left
http://www.citypaper.com,citypaper.com,left
bluestatedaily.com,bluestatedaily.com,left
http://www.dailyrecord.co.uk,dailyrecord.co.uk,left
http://www.advocate.com,advocate.com,left
http://americablog.com,americablog.com,left
http://www.democracynow.org,democracynow.org,left
http://www.prwatch.org/cmd,prwatch.org,left
http://boingboing.net,boingboing.net,left
http://www.daily49er.com,daily49er.com,left
http://www.cosmopolitan.com,cosmopolitan.com,left
http://www.ebar.com,ebar.com,left
http://www.dallasvoice.com,dallasvoice.com,left
https://www.dissentmagazine.org,dissentmagazine.org,left
http://www.democraticunderground.com,democraticunderground.com,left
https://americanbridgepac.org,americanbridgepac.org,left
http://www.countercurrents.org,countercurrents.org,left
http://www.thedailybeast.com,thedailybeast.com,left
https://deadspin.com,deadspin.com,left
afj.org,afj.org,left
https://www.desmogblog.com,desmogblog.com,left
https://www.change.org,change.org,left
http://www.drudge.com,drudge.com,left
https://bitchmedia.org,bitchmedia.org,left
http://deadstate.org,deadstate.org,left
http://elitedaily.com,elitedaily.com,left
http://www.au.org,au.org,left
http://www.counterpunch.org,counterpunch.org,left
http://www.chicagoreader.com,chicagoreader.com,left
http://blackagendareport.com,blackagendareport.com,left
angrywhitemen.org,angrywhitemen.org,left
http://www.esquire.com,esquire.com,left
http://earthfirstjournal.org,earthfirstjournal.org,left
http://filmingcops.com,filmingcops.com,left
https://crimethinc.com,crimethinc.com,left
http://everydayfeminism.com,everydayfeminism.com,left
http://www.firstpost.com,firstpost.com,left
https://citizencritics.org,citizencritics.org,left
http://gizmodo.com,gizmodo.com,left
https://www.marxist.com,marxist.com,left
http://bust.com,bust.com,left
https://egbertowillies.com,egbertowillies.com,left
http://evonomics.com,evonomics.com,left
http://www.greenvillegazette.com,greenvillegazette.com,left
https://leftfootforward.org,leftfootforward.org,left
http://ir.net,ir.net,left
https://canadiandimension.com,canadiandimension.com,left
https://itsgoingdown.org,itsgoingdown.org,left
https://globalvoices.org,globalvoices.org,left
https://www.electoral-vote.com,electoral-vote.com,left
http://leftoverrights.com,leftoverrights.com,left
https://www.inequalitymedia.org,inequalitymedia.org,left
http://www.feministcurrent.com,feministcurrent.com,left
http://www.liberalamerica.org,liberalamerica.org,left
https://www.jacobinmag.com,jacobinmag.com,left
https://electronicintifada.net,electronicintifada.net,left
http://guardianlv.com,guardianlv.com,left
https://www.juancole.com,juancole.com,left
http://www.dailydot.com,dailydot.com,left
https://www.liberalexaminer.com,liberalexaminer.com,left
http://jezebel.com,jezebel.com,left
https://www.good.is,good.is,left
http://freepress.org,freepress.org,left
https://theguardiansofdemocracy.com,theguardiansofdemocracy.com,left
http://feministing.com,feministing.com,left
http://samuel-warde.com,samuel-warde.com,left
http://www.mediaite.com,mediaite.com,left
http://frnewsreport.com,frnewsreport.com,left
http://www.leftvoice.org,leftvoice.org,left
https://www.fifthestate.org,fifthestate.org,left
http://mondoweiss.net,mondoweiss.net,left
https://www.liberationnews.org,liberationnews.org,left
http://www.lavendermagazine.com,lavendermagazine.com,left
https://freedomnews.org.uk,freedomnews.org.uk,left
http://www.moonofalabama.org,moonofalabama.org,left
http://mediamatters.org,mediamatters.org,left
http://www.huffingtonpost.com,huffingtonpost.com,left
http://www.gq.com,gq.com,left
https://newint.org,newint.org,left
http://littlegreenfootballs.com,littlegreenfootballs.com,left
http://inthesetimes.com,inthesetimes.com,left
hrc.org,hrc.org,left
http://www.lgbtqnation.com,lgbtqnation.com,left
http://www.motherjones.com,motherjones.com,left
http://www.bradford-delong.com,bradford-delong.com,left
https://meduza.io/en,meduza.io,left
http://newpol.org,newpol.org,left
http://www.pinknews.co.uk/home,pinknews.co.uk,left
http://www.newsweek.com,newsweek.com,left
http://front.moveon.org,front.moveon.org,left
https://newrepublic.com,newrepublic.com,left
https://www.merryjane.com,merryjane.com,left
http://politicaldig.com,politicaldig.com,left
north99.org,north99.org,left
http://mashable.com,mashable.com,left
http://www.msmagazine.com,msmagazine.com,left
http://www.palmerreport.com,palmerreport.com,left
http://www.miaminewtimes.com,miaminewtimes.com,left
resilience.org,resilience.org,left
http://projectcensored.org,projectcensored.org,left
http://www.rawstory.com,rawstory.com,left
http://meanlefthook.com,meanlefthook.com,left
http://www.msnbc.com,msnbc.com,left
http://www.newstatesman.com,newstatesman.com,left
https://www.pastemagazine.com,pastemagazine.com,left
http://proudemocrat.com,proudemocrat.com,left
https://www.middleeastmonitor.com,middleeastmonitor.com,left
https://nowtoronto.com,nowtoronto.com,left
http://www.salon.com,salon.com,left
https://rewire.news,rewire.news,left
http://www.politicususa.com,politicususa.com,left
http://nymag.com,nymag.com,left
http://www.scarymommy.com,scarymommy.com,left
http://modernliberals.com,modernliberals.com,left
http://revcom.us,revcom.us,left
https://popularresistance.org,popularresistance.org,left
http://www.newyorker.com,newyorker.com,left
http://www.pfaw.org,pfaw.org,left
https://www.queerty.com,queerty.com,left
http://www.redpepper.org.uk,redpepper.org.uk,left
http://www.molad.org/en,molad.org,left
onegreenplanet.org,onegreenplanet.org,left
http://reverbpress.news,reverbpress.news,left
https://shadowproof.com,shadowproof.com,left
http://people.com/politics,people.com,left
http://www.sourcewatch.org/,sourcewatch.org,left
https://www.opednews.com,opednews.com,left
http://rabble.ca,rabble.ca,left
http://shareblue.com,shareblue.com,left
http://www.pravdareport.com,pravdareport.com,left
http://americanindependent.com,americanindependent.com,left
http://www.newshounds.us,newshounds.us,left
https://photographyisnotacrime.com,photographyisnotacrime.com,left
http://www.slate.com,slate.com,left
https://www.pressprogress.ca,pressprogress.ca,left
http://the-daily.buzz,the-daily.buzz,left
http://www.smirkingchimp.com,smirkingchimp.com,left
https://redyouth.org,redyouth.org,left
http://www.rappler.com,rappler.com,left
http://prospect.org,prospect.org,left
http://www.rightwingwatch.org,rightwingwatch.org,left
http://www.nationofchange.org,nationofchange.org,left
http://www.worldsocialism.org/spgb,worldsocialism.org,left
https://www.thedailyvox.co.za,thedailyvox.co.za,left
http://www.nationalmemo.com,nationalmemo.com,left
https://www.austinchronicle.com,austinchronicle.com,left
https://trofire.com,trofire.com,left
http://www.towleroad.com,towleroad.com,left
http://thelasource.com/,thelasource.com,left
http://www.democratichub.com,democratichub.com,left
https://socialistworker.org,socialistworker.org,left
http://www.thenewcivilrightsmovement.com,thenewcivilrightsmovement.com,left
https://thesternfacts.com,thesternfacts.com,left
http://talkingpointsmemo.com,talkingpointsmemo.com,left
http://www.vanityfair.com,vanityfair.com,left
https://theestablishment.co,theestablishment.co,left
http://www.workers.org,workers.org,left
http://www.theburningspear.com,theburningspear.com,left
http://other98.com,other98.com,left
http://washingtonmonthly.com,washingtonmonthly.com,left
http://www.villagevoice.com,villagevoice.com,left
http://verifiedpolitics.com,verifiedpolitics.com,left
http://www.takepart.com,takepart.com,left
https://thefloridasqueeze.com,thefloridasqueeze.com,left
wsws.org,wsws.org,left
https://theoutline.com,theoutline.com,left
https://www.themarysue.com,themarysue.com,left
http://www.thecanary.co,thecanary.co,left
http://www.truthdig.com,truthdig.com,left
https://thewalrus.ca,thewalrus.ca,left
http://www.thefrisky.com,thefrisky.com,left
http://www.yesmagazine.org,yesmagazine.org,left
http://www.progressive.org,progressive.org,left
http://www.themilitant.com,themilitant.com,left
http://www.truth-out.org,truth-out.org,left
https://www.climaterealityproject.org,climaterealityproject.org,left
progressivefrontier.com,progressivefrontier.com,left
https://wearyourvoicemag.com,wearyourvoicemag.com,left
http://www.morningstaronline.co.uk,morningstaronline.co.uk,left
https://worldcantwait.net,worldcantwait.net,left
http://uproxx.com,uproxx.com,left
http://thegrio.com,thegrio.com,left
http://www.samefacts.com,samefacts.com,left
http://thedailybanter.com,thedailybanter.com,left
https://www.thenation.com,thenation.com,left
https://www.upworthy.com,upworthy.com,left
https://zcomm.org/zmag,zcomm.org,left
http://www.theroot.com,theroot.com,left
http://www.vox.com,vox.com,left
https://whowhatwhy.org,whowhatwhy.org,left
http://thinkprogress.org,thinkprogress.org,left
https://this.org,this.org,left
http://wonkette.com,wonkette.com,left
https://www.amnesty.org/en,amnesty.org,center
https://ballotpedia.org/Main_Page,ballotpedia.org,center
http://www.opensecrets.org,opensecrets.org,center
http://cookpolitical.com,cookpolitical.com,center
http://www.albawaba.com,albawaba.com,center
https://capitolfax.com,capitolfax.com,center
http://www.680news.com,680news.com,center
https://www.csis.org,csis.org,center
http://www.anthropocenemagazine.org,anthropocenemagazine.org,center
http://bnonews.com,bnonews.com,center
http://carnegieendowment.org,carnegieendowment.org,center
http://eng.majalla.com,eng.majalla.com,center
http://www.abc.net.au/news,abc.net.au,center
http://blog.countable.us,blog.countable.us,center
concordmonitor.com,concordmonitor.com,center
https://aptnnews.ca,aptnnews.ca,center
http://www.bridgemi.com,bridgemi.com,center
http://news.abs-cbn.com,news.abs-cbn.com,center
http://www.bangkokpost.com,bangkokpost.com,center
https://azcapitoltimes.com,azcapitoltimes.com,center
https://altoday.com,altoday.com,center
http://www.castanet.net,castanet.net,center
https://www.afp.com,afp.com,center
https://www.cp24.com,cp24.com,center
http://www.newsoptimist.ca,newsoptimist.ca,center
http://www.chinadaily.com.cn,chinadaily.com.cn,center
http://thebulletin.org,thebulletin.org,center
http://www.africanews.com,africanews.com,center
http://en.bbarta24.net,en.bbarta24.net,center
https://www.aninews.in,aninews.in,center
https://www.abqjournal.com,abqjournal.com,center
http://www.bullshido.net,bullshido.net,center
http://www.belfercenter.org,belfercenter.org,center
https://cdt.org,cdt.org,center
http://www.atimes.com,atimes.com,center
http://www.darientimes.com,darientimes.com,center
https://consortiumnews.com,consortiumnews.com,center
http://www.cgdev.org,cgdev.org,center
https://www.bellingcat.com,bellingcat.com,center
http://www.csmonitor.com,csmonitor.com,center
daytondailynews.com,daytondailynews.com,center
https://constitutioncenter.org,constitutioncenter.org,center
http://www.business2community.com,business2community.com,center
http://www.bettergov.org,bettergov.org,center
http://cityandstateny.com,cityandstateny.com,center
https://apnews.com,apnews.com,center
http://www.defenseone.com,defenseone.com,center
http://securingdemocracy.gmfus.org,securingdemocracy.gmfus.org,center
https://airwars.org,airwars.org,center
http://bdnews24.com,bdnews24.com,center
http://www.cnas.org,cnas.org,center
https://www.ced.org,ced.org,center
http://www.atlanticcouncil.org,atlanticcouncil.org,center
http://www.desmoinesregister.com,desmoinesregister.com,center
capecodtimes.com,capecodtimes.com,center
https://consumerist.com,consumerist.com,center
http://crfb.org,crfb.org,center
http://www.afr.com,afr.com,center
https://www.publicintegrity.org,publicintegrity.org,center
http://www.dailyrecord.com,dailyrecord.com,center
differencebetween.net,differencebetween.net,center
http://www.ejinsight.com,ejinsight.com,center
https://www.factwire.org/english,factwire.org,center
https://freewheelus.com,freewheelus.com,center
http://www.digitaljournal.com,digitaljournal.com,center
http://www.goodnewsnetwork.org,goodnewsnetwork.org,center
https://www.cambridge.org/core/journals/international-organization,cambridge.org,center
https://fullfact.org,fullfact.org,center
http://kff.org,kff.org,center
https://www.makeuseof.com,makeuseof.com,center
http://www.idahostatesman.com,idahostatesman.com,center
http://www.doctorswithoutborders.org,doctorswithoutborders.org,center
https://news.grabien.com,news.grabien.com,center
goerie.com,goerie.com,center
http://www.gallup.com,gallup.com,center
http://www.malaysia-today.net,malaysia-today.net,center
http://www.military.com,military.com,center
https://www.rescue.org,rescue.org,center
http://knowyourmeme.com,knowyourmeme.com,center
https://hbr.org,hbr.org,center
federalnewsradio.com,federalnewsradio.com,center
http://www.eurasiagroup.net,eurasiagroup.net,center
https://www.imediaethics.org,imediaethics.org,center
http://maplight.org,maplight.org,center
http://www.investopedia.com,investopedia.com,center
knoxnews.com,knoxnews.com,center
https://gbtimes.com,gbtimes.com,center
http://news.harvard.edu/gazette,news.harvard.edu,center
http://www.mlive.com,mlive.com,center
http://www.federaltimes.com,federaltimes.com,center
http://www.eurasiareview.com,eurasiareview.com,center
http://www.marketwatch.com,marketwatch.com,center
https://www.jacksonsun.com,jacksonsun.com,center
https://leadstories.com,leadstories.com,center
http://www.govexec.com,govexec.com,center
http://harvardpolitics.com,harvardpolitics.com,center
https://www.newamerica.org,newamerica.org,center
http://www.euronews.com,euronews.com,center
http://www.financialexpress.com,financialexpress.com,center
https://ivn.us,ivn.us,center
http://www.mcclatchydc.com,mcclatchydc.com,center
https://www.govtrack.us,govtrack.us,center
http://www.ledevoir.com,ledevoir.com,center
http://www.healthcarefinancenews.com,healthcarefinancenews.com,center
http://www.janes.com,janes.com,center
http://www.newbernsj.com,newbernsj.com,center
https://www.ft.com,ft.com,center
http://mediashift.org,mediashift.org,center
https://limacharlienews.com,limacharlienews.com,center
http://www.globalintegrity.org,globalintegrity.org,center
http://www.nber.org,nber.org,center
http://www.news24.com,news24.com,center
http://www.memeorandum.com,memeorandum.com,center
https://firstdraftnews.org,firstdraftnews.org,center
http://indiatoday.intoday.in,indiatoday.intoday.in,center
http://www.factcheck.org,factcheck.org,center
https://www.japantimes.co.jp,japantimes.co.jp,center
http://www.hoax-slayer.com,hoax-slayer.com,center
https://www.followthemoney.org,followthemoney.org,center
http://mentalfloss.com,mentalfloss.com,center
https://iwpr.org,iwpr.org,center
https://www.foreignaffairs.com,foreignaffairs.com,center
http://www.jta.org,jta.org,center
http://www.homelandsecuritynewswire.com,homelandsecuritynewswire.com,center
https://www.nationaljournal.com,nationaljournal.com,center
http://listverse.com,listverse.com,center
http://foreignpolicy.com,foreignpolicy.com,center
http://en.mercopress.com,en.mercopress.com,center
https://www.guampdn.com,guampdn.com,center
http://www.nationmaster.com,nationmaster.com,center
http://www.i24news.tv,i24news.tv,center
http://www.newsnow.co.uk/h,newsnow.co.uk,center
https://www.icij.org,icij.org,center
http://merionwest.com,merionwest.com,center
https://patch.com,patch.com,center
http://daily.jstor.org,daily.jstor.org,center
https://ffrf.org,ffrf.org,center
https://www.rferl.org,rferl.org,center
https://www.iea.org,iea.org,center
https://shorensteincenter.org,shorensteincenter.org,center
https://www.stripes.com,stripes.com,center
https://www.nknews.org,nknews.org,center
http://www.rollcall.com,rollcall.com,center
http://www.poynter.org,poynter.org,center
https://www.justsecurity.org,justsecurity.org,center
http://www.patheos.com,patheos.com,center
https://www.rand.org,rand.org,center
http://www.nextavenue.org,nextavenue.org,center
http://www.texasstandard.org,texasstandard.org,center
http://www.simplepolitics.co.uk,simplepolitics.co.uk,center
https://www.statnews.com,statnews.com,center
https://www.noozhawk.com,noozhawk.com,center
https://www.rte.ie,rte.ie,center
http://prnewswire.mediaroom.com,prnewswire.mediaroom.com,center
https://www.thecipherbrief.com,thecipherbrief.com,center
pnj.com,pnj.com,center
https://www.texastribune.org,texastribune.org,center
http://www.nextgov.com,nextgov.com,center
http://www.northkoreatimes.com,northkoreatimes.com,center
http://www.russialies.com,russialies.com,center
https://www.procon.org,procon.org,center
http://stimson.org,stimson.org,center
http://www.pgpf.org,pgpf.org,center
https://www.recode.net,recode.net,center
http://www.thatsnonsense.com,thatsnonsense.com,center
https://theconversation.com,theconversation.com,center
http://pogo.org,pogo.org,center
http://auburnpub.com,auburnpub.com,center
relevantmagazine.com,relevantmagazine.com,center
https://piie.com,piie.com,center
http://www.snopes.com,snopes.com,center
http://www.theday.com,theday.com,center
https://www.strategypage.com,strategypage.com,center
http://reporterslab.org,reporterslab.org,center
http://www.novinite.com,novinite.com,center
http://www.pewresearch.org,pewresearch.org,center
http://www.heraldtribune.com,heraldtribune.com,center
https://www.project-syndicate.org,project-syndicate.org,center
https://www.baxterbulletin.com,baxterbulletin.com,center
heraldsun.com,heraldsun.com,center
http://www.scmp.com,scmp.com,center
https://www.stratfor.com,stratfor.com,center
https://www.nolabels.org,nolabels.org,center
https://placesjournal.org,placesjournal.org,center
https://rsf.org/en,rsf.org,center
http://www.sayfiereview.com,sayfiereview.com,center
https://thehumanist.com,thehumanist.com,center
https://www.thebureauinvestigates.com,thebureauinvestigates.com,center
http://sunlightfoundation.com,sunlightfoundation.com,center
dailynorthwestern.com,dailynorthwestern.com,center
https://represent.us,represent.us,center
http://www.prri.org,prri.org,center
http://www.taipeitimes.com,taipeitimes.com,center
https://www.ny1.com/,ny1.com,center
http://www.openthegovernment.org,openthegovernment.org,center
http://www.reuters.com,reuters.com,center
http://www.politifact.com,politifact.com,center
https://www.taiwannews.com.tw,taiwannews.com.tw,center
http://indianexpress.com,indianexpress.com,center
http://www.scotusblog.com,scotusblog.com,center
http://taskandpurpose.com,taskandpurpose.com,center
http://outlook.monmouth.edu,outlook.monmouth.edu,center
http://www.thejakartapost.com,thejakartapost.com,center
http://www.sctimes.com,sctimes.com,center
http://thediplomat.com,thediplomat.com,center
http://www.shareably.net,shareably.net,center
https://www.themarshallproject.org/#.qjbbuljBK,themarshallproject.org,center
https://www.thoughtco.com,thoughtco.com,center
http://www.viralthread.com,viralthread.com,center
https://en.wikinews.org/wiki/Main_Page,en.wikinews.org,center
http://www.jpost.com,jpost.com,center
http://www.economist.com,economist.com,center
http://memepoliceman.com,memepoliceman.com,center
http://worldpress.org,worldpress.org,center
http://www.tvw.org,tvw.org,center
http://www.phnompenhpost.com,phnompenhpost.com,center
https://www.wikipedia.org,wikipedia.org,center
http://www.jordantimes.com,jordantimes.com,center
http://timesofsandiego.com,timesofsandiego.com,center
http://www.wri.org,wri.org,center
https://undark.org,undark.org,center
http://www.voanews.com,voanews.com,center
http://www.postandcourier.com,postandcourier.com,center
http://www.wral.com,wral.com,center
http://www.upi.com,upi.com,center
http://www.todayifoundout.com,todayifoundout.com,center
http://themoderatevoice.com,themoderatevoice.com,center
mywebtimes.com,mywebtimes.com,center
http://www.voiceofsandiego.org,voiceofsandiego.org,center
http://www.thejournal.ie,thejournal.ie,center
https://www.house.gov,house.gov,center
https://www.transparency.org,transparency.org,center
https://www.vosizneias.com,vosizneias.com,center
http://www.wionews.com,wionews.com,center
gao.gov,gao.gov,center
http://www.thenews.mx,thenews.mx,center
http://timesofindia.indiatimes.com,timesofindia.indiatimes.com,center
https://www.thenews.com.pk,thenews.com.pk,center
http://www.usafacts.org,usafacts.org,center
http://votesmart.org,votesmart.org,center
http://www.theskimm.com,theskimm.com,center
http://trueviralnews.com,trueviralnews.com,center
https://www.wilsoncenter.org,wilsoncenter.org,center
https://sociable.co,sociable.co,center
http://warontherocks.com,warontherocks.com,center
https://www.weforum.org,weforum.org,center
http://wn.com,wn.com,center
http://www.thirdway.org,thirdway.org,center
http://truthbetold.news,truthbetold.news,center
https://www.truthorfiction.com,truthorfiction.com,center
https://capitalresearch.org,capitalresearch.org,right
academia.org,academia.org,right
http://bigleaguepolitics.com,bigleaguepolitics.com,right
http://www.conservativedailynews.com,conservativedailynews.com,right
https://aclj.org,aclj.org,right
arizonadailyindependent.com,arizonadailyindependent.com,right
http://www.aim.org,aim.org,right
http://www.bizpacreview.com,bizpacreview.com,right
http://www.city-journal.org,city-journal.org,right
http://www.conservativehq.com,conservativehq.com,right
https://www.whitehouse.gov/1600daily,whitehouse.gov,right
https://www.nccivitas.org,nccivitas.org,right
https://bearingarms.com,bearingarms.com,right
http://spectator.org,spectator.org,right
https://www.aei.org,aei.org,right
https://www.ac2news.com,ac2news.com,right
2ndvote.com,2ndvote.com,right
http://www.christianpost.com,christianpost.com,right
https://beinglibertarian.com,beinglibertarian.com,right
http://alphanewsmn.com,alphanewsmn.com,right
http://www.americanthinker.com,americanthinker.com,extreme-right
https://conservativeopinion.com,conservativeopinion.com,extreme-right
https://ca-political.com,ca-political.com,right
https://www.chroniclesmagazine.org,chroniclesmagazine.org,right
http://www.colddeadhands.us,colddeadhands.us,right
americansforprosperity.org,americansforprosperity.org,extreme-right
http://awm.com,awm.com,right
http://www.campaignlifecoalition.com,campaignlifecoalition.com,right
https://www.commentarymagazine.com,commentarymagazine.com,right
http://www.express.co.uk,express.co.uk,right
altnewsmedia.net,altnewsmedia.net,right
https://www.churchmilitant.com,churchmilitant.com,extreme-right
http://www.ammoland.com,ammoland.com,extreme-right
https://www.conservativereview.com,conservativereview.com,extreme-right
http://cowgernation.com,cowgernation.com,extreme-right
https://conservativebase.com,conservativebase.com,extreme-right
http://www.americanlibertyreport.com,americanlibertyreport.com,extreme-right
citizenfreepress.com,citizenfreepress.com,right
https://www.hermancain.com,hermancain.com,right
http://www.gopusa.com,gopusa.com,right
http://crimeresearch.org,crimeresearch.org,right
https://ijr.com,ijr.com,right
http://erlc.com,erlc.com,right
http://dcwhispers.com,dcwhispers.com,right
http://firstinfreedomdaily.com,firstinfreedomdaily.com,right
http://freewestmedia.com,freewestmedia.com,right
https://ifstudies.org,ifstudies.org,right
http://www.crisismagazine.com,crisismagazine.com,right
http://www.independentsentinel.com,independentsentinel.com,right
http://factsandlogic.org,factsandlogic.org,right
https://www.firstthings.com,firstthings.com,right
http://www.dailysabah.com,dailysabah.com,right
http://iwf.org,iwf.org,right
http://www.investors.com,investors.com,right
http://www.defenddemocracy.org,defenddemocracy.org,extreme-right
http://www.foxnews.com,foxnews.com,extreme-right
http://dailycaller.com,dailycaller.com,right
https://www.illinoispolicy.org,illinoispolicy.org,right
https://order-order.com,order-order.com,right
https://www.jewishpolicycenter.org,jewishpolicycenter.org,right
http://dailysignal.com,dailysignal.com,right
http://freedomcrossroads.com,freedomcrossroads.com,right
http://disobedientmedia.com,disobedientmedia.com,right
http://www.hudson.org,hudson.org,right
http://www.intellectualtakeout.org,intellectualtakeout.org,right
http://knoxreport.com,knoxreport.com,right
https://farleftwatch.com,farleftwatch.com,right
https://www.gatestoneinstitute.org,gatestoneinstitute.org,right
http://www.freedomworks.org,freedomworks.org,right
http://humanevents.com,humanevents.com,right
http://www.drudgereport.com,drudgereport.com,right
http://dailysurge.com,dailysurge.com,right
http://ibleedredwhiteblue.com,ibleedredwhiteblue.com,right
http://legalinsurrection.com,legalinsurrection.com,right
https://judicialnetwork.com,judicialnetwork.com,right
https://www.getreligion.org,getreligion.org,right
freerepublic.com,freerepublic.com,right
https://imprimis.hillsdale.edu,imprimis.hillsdale.edu,right
https://www.dangerous.com,dangerous.com,extreme-right
https://www.heartland.org,heartland.org,right
http://libertyhangout.org,libertyhangout.org,right
https://kansaspolicy.org,kansaspolicy.org,right
https://www.gop.com,gop.com,right
https://offgridsurvival.com,offgridsurvival.com,right
https://pjmedia.com,pjmedia.com,right
http://www.libertyheadlines.com,libertyheadlines.com,right
https://www.populistwire.com,populistwire.com,right
http://louderwithcrowder.com,louderwithcrowder.com,right
http://www.heritage.org,heritage.org,right
http://observer.com,observer.com,right
https://regated.com,regated.com,right
http://www.powerlineblog.com,powerlineblog.com,right
http://www.oann.com,oann.com,right
http://www.nationalcenter.org,nationalcenter.org,right
http://www.thepoliticalinsider.com,thepoliticalinsider.com,right
https://www.mediacircus.com,mediacircus.com,right
http://www.lifenews.com,lifenews.com,right
http://www.onenewsnow.com,onenewsnow.com,right
http://www.nationalreview.com,nationalreview.com,right
http://notliberal.com,notliberal.com,right
http://projectveritas.com,projectveritas.com,right
http://politichicks.com,politichicks.com,right
https://mediaequalizer.com,mediaequalizer.com,right
https://www.lifesitenews.com,lifesitenews.com,right
http://www.restoreamericanglory.com,restoreamericanglory.com,right
https://www.tasnimnews.com/en,tasnimnews.com,right
http://www.mrc.org,mrc.org,right
http://sbgi.net,sbgi.net,right
http://www.opslens.com,opslens.com,right
https://www.numbersusa.com,numbersusa.com,right
http://www.lifezette.com,lifezette.com,right
http://www.westernjournalism.com/thepoint,westernjournalism.com,right
http://patriotnewsdaily.com,patriotnewsdaily.com,right
http://sonorannews.com,sonorannews.com,right
http://www.newsbusters.org,newsbusters.org,right
politisite.com,politisite.com,right
en.mehrnews.com,en.mehrnews.com,right
patriotretort.com,patriotretort.com,right
http://www.teapartypatriots.org,teapartypatriots.org,extreme-right
http://spiked-online.com,spiked-online.com,right
http://theblacksphere.net,theblacksphere.net,right
http://thedailydefender.com,thedailydefender.com,right
http://www.newsmax.com,newsmax.com,right
loneconservative.com,loneconservative.com,extreme-right
http://www.thenewamerican.com,thenewamerican.com,extreme-right
http://redalertpolitics.com,redalertpolitics.com,extreme-right
savejersey.com,savejersey.com,right
http://www.therebel.media,therebel.media,right
http://www.teapartytribune.com,teapartytribune.com,right
http://www.standpointmag.co.uk,standpointmag.co.uk,right
http://www.torontosun.com,torontosun.com,right
http://www.theblaze.com,theblaze.com,right
https://unitynewsnetwork.co.uk,unitynewsnetwork.co.uk,right
http://www.dailytelegraph.com.au,dailytelegraph.com.au,right
http://www.washingtonexaminer.com,washingtonexaminer.com,right
http://www.wnd.com,wnd.com,right
http://townhall.com,townhall.com,right
http://www.dailywire.com,dailywire.com,right
http://theresurgent.com,theresurgent.com,right
https://patriotpost.us,patriotpost.us,right
http://freebeacon.com,freebeacon.com,right
https://world.wng.org,world.wng.org,right
http://tribunist.com,tribunist.com,right
http://thefederalist.com,thefederalist.com,right
http://therightscoop.com,therightscoop.com,right
http://www.thepostemail.com,thepostemail.com,right
http://www.weaselzippers.us,weaselzippers.us,right
https://www.trtworld.com,trtworld.com,right
http://worldtribune.com,worldtribune.com,right
http://thehayride.com,thehayride.com,right
thepostmillennial.com,thepostmillennial.com,right
http://www.ronpaulinstitute.org,ronpaulinstitute.org,right
http://www.weeklystandard.com,weeklystandard.com,right
http://ussanews.com,ussanews.com,right
http://www.tehrantimes.com,tehrantimes.com,right
https://theconservativetreehouse.com,theconservativetreehouse.com,right
https://www.turningpoint.news,turningpoint.news,right
http://yellowhammernews.com,yellowhammernews.com,right
https://www.thesun.co.uk,thesun.co.uk,right
https://www.conservativewoman.co.uk,conservativewoman.co.uk,right
https://www.yaf.org,yaf.org,right
http://www.adelaidenow.com.au,adelaidenow.com.au,right
https://westernfreepress.com,westernfreepress.com,right
http://twitchy.com,twitchy.com,right
http://tennesseestar.com,tennesseestar.com,right
https://www.westernjournal.com,westernjournal.com,right
http://www.youngcons.com,youngcons.com,right
http://www.thetruthaboutguns.com,thetruthaboutguns.com,right
https://lozierinstitute.org,lozierinstitute.org,right
https://americanprinciplesproject.org,americanprinciplesproject.org,right
https://www.10news.one,10news.one,right
http://cernovich.com,cernovich.com,right
http://www.barenakedislam.com,barenakedislam.com,right
http://conservativefighters.com,conservativefighters.com,right
http://christianaction.org,christianaction.org,right
http://www.amren.com,amren.com,right
http://100percentfedup.com,100percentfedup.com,right
http://conservativefiringline.com,conservativefiringline.com,right
https://www.acpeds.org,acpeds.org,right
http://www.tfp.org,tfp.org,right
http://www.conservativefreepress.com,conservativefreepress.com,right
https://clarionproject.org,clarionproject.org,right
http://www.americanpatriotdaily.com,americanpatriotdaily.com,right
http://clashdaily.com,clashdaily.com,right
http://americantoday.news,americantoday.news,right
https://conservativemedia.com,conservativemedia.com,right
http://conservativepost.com,conservativepost.com,right
http://www.afa.net,afa.net,right
https://ageofshitlords.com,ageofshitlords.com,right
http://www.bipartisanreport.com,bipartisanreport.com,left
https://www.debka.com,debka.com,right
http://www.breitbart.com,breitbart.com,right
http://www.cnsnews.com,cnsnews.com,right
http://allenwestrepublic.com,allenwestrepublic.com,right
http://defiantamerica.com,defiantamerica.com,right
http://rickwells.us,rickwells.us,right
http://www.americanjournalreview.com,americanjournalreview.com,right
https://concernedwomen.org/blog,concernedwomen.org,right
http://canadafreepress.com,canadafreepress.com,right
https://www.adflegal.org,adflegal.org,right
http://www.blingnews.com,blingnews.com,right
http://allnewspipeline.com,allnewspipeline.com,right
https://americanlookout.com,americanlookout.com,right
http://democraticmoms.com,democraticmoms.com,left
http://www.discoverthenetworks.org,discoverthenetworks.org,right
http://www.censored.news,censored.news,right
https://www.avoiceformen.com,avoiceformen.com,right
http://dailyheadlines.net,dailyheadlines.net,right
http://donaldtrumpnews.co,donaldtrumpnews.co,right
https://conservativedailypost.com,conservativedailypost.com,right
http://cis.org,cis.org,right
https://altright.com,altright.com,right
http://www.focusonthefamily.com,focusonthefamily.com,right
http://downtrend.com,downtrend.com,right
http://pamelageller.com,pamelageller.com,right
http://profam.org,profam.org,right
http://en-volve.com,en-volve.com,right
https://ghost.report,ghost.report,right
http://freakoutnation.com,freakoutnation.com,left
https://www.lewrockwell.com,lewrockwell.com,right
http://girlsjustwannahaveguns.com,girlsjustwannahaveguns.com,right
http://eaglerising.com,eaglerising.com,right
factcheckingturkey.com,factcheckingturkey.com,right
https://myrightamerica.com,myrightamerica.com,right
http://jewwatch.com,jewwatch.com,right
https://www.jihadwatch.org,jihadwatch.org,right
http://www.nationaleconomicseditorial.com,nationaleconomicseditorial.com,right
http://www.dailypresser.com,dailypresser.com,right
http://imowired.com,imowired.com,right
http://www.judicialwatch.org,judicialwatch.org,right
http://www.nationalenquirer.com,nationalenquirer.com,right
https://dailystormer.name,dailystormer.name,right
meforum.org,meforum.org,right
https://www.memri.org,memri.org,right
https://knightstemplarinternational.com,knightstemplarinternational.com,right
https://nationalvanguard.org,nationalvanguard.org,right
http://www.usafortrumponline.com,usafortrumponline.com,right
http://www.hangthebankers.com,hangthebankers.com,right
http://www.informationliberation.com,informationliberation.com,right
https://newswars.com,newswars.com,right
https://o4anews.com,o4anews.com,right
http://www.molonlabemedia.com,molonlabemedia.com,right
http://ladylibertysnews.com,ladylibertysnews.com,right
http://www.newswithviews.com,newswithviews.com,right
http://www.prideof-america.org,prideof-america.org,right
https://www.newnation.org,newnation.org,right
http://freedomsfinalstand.com,freedomsfinalstand.com,right
http://www.staresattheworld.com,staresattheworld.com,right
http://polipace.com,polipace.com,left
https://patriotbeat.com,patriotbeat.com,right
http://newsblaze.com,newsblaze.com,right
http://www.frontpagemag.com,frontpagemag.com,right
https://patribotics.blog,patribotics.blog,right
http://progresstribune.com,progresstribune.com,left
shariawatch.org.uk,shariawatch.org.uk,right
https://steadfastandloyal.com,steadfastandloyal.com,right
http://www.fury.news,fury.news,extreme-right
occupydemocrats.com,occupydemocrats.com,left
http://www.patriotfires.com,patriotfires.com,right
http://www.shtfplan.com,shtfplan.com,right
http://www.progressivestoday.com,progressivestoday.com,right
https://stonecoldtruth.com,stonecoldtruth.com,right
https://redice.tv,redice.tv,right
http://takimag.com,takimag.com,right
http://www.returnofkings.com,returnofkings.com,right
http://patriotupdate.com,patriotupdate.com,right
https://subjectpolitics.com,subjectpolitics.com,right
https://www.teaparty.org,teaparty.org,right
http://rightalerts.com,rightalerts.com,right
https://swampdrain.com,swampdrain.com,right
http://www.dcclothesline.com,dcclothesline.com,right
https://thehornnews.com,thehornnews.com,right
http://speisa.com,speisa.com,right
http://personalliberty.com,personalliberty.com,right
http://www.thedailybell.com,thedailybell.com,right
lastresistance.com,lastresistance.com,extreme-right
http://www.puppetstringnews.com,puppetstringnews.com,right
https://rightwingnews.com,rightwingnews.com,extreme-right
https://rightwingtribune.com,rightwingtribune.com,extreme-right
http://www.tmn.today,tmn.today,right
http://www.digifection.com,digifection.com,right
https://www.thereligionofpeace.com,thereligionofpeace.com,right
http://www.thenationalpatriot.com,thenationalpatriot.com,right
http://theduran.com,theduran.com,right
http://theamericanmirror.com,theamericanmirror.com,extreme-right
https://thenationalpulse.com,thenationalpulse.com,right
http://thefederalistpapers.org,thefederalistpapers.org,right
http://viralliberty.com,viralliberty.com,right
http://www.truthrevolt.org,truthrevolt.org,right
http://www.fairus.org,fairus.org,right
http://truthuncensored.net,truthuncensored.net,right
https://mynewsguru.com,mynewsguru.com,right
https://voiceofeurope.com,voiceofeurope.com,right
http://unclesamsmisguidedchildren.com,unclesamsmisguidedchildren.com,extreme-right
https://freetelegraph.com,freetelegraph.com,right
http://www.trueactivist.com,trueactivist.com,left
http://thepeoplestruth.com,thepeoplestruth.com,right
http://www.thegatewaypundit.com,thegatewaypundit.com,right
https://www.understandingthethreat.com,understandingthethreat.com,right
http://www.usasupreme.com,usasupreme.com,extreme-right
http://www.thegoldwater.com,thegoldwater.com,right
http://www.unz.com,unz.com,right
http://www.westernsentinel.com,westernsentinel.com,right
http://www.uschronicle.com,uschronicle.com,right
https://www.thepublicdiscourse.com,thepublicdiscourse.com,right
http://www.vdare.com,vdare.com,right